type,prix,prix_m2,surface,nb_pieces,localisation,details
Appartement,1 200 000 €,12 970 €/m²,"92,52 m²",4 pièces,Paris 16ème (75),"Agence Immobilière La Tour CTII À découvrir 1/10 1 200 000 € 12 970 €/m² À partir de 5 346 €/mois Appartement 4 pièces 92,52 m² 3 chambres Paris 16ème (75) Cont…"
,,,non disponible,non disponible,,
,,,non disponible,non disponible,,
,,non disponible,non disponible,non disponible,,
,,,non disponible,non disponible,,
,,,non disponible,non disponible,,
,,,non disponible,non disponible,,
,,,non disponible,non disponible,,
,,,non disponible,non disponible,,
,,,non disponible,non disponible,,"CENTURY 21 Agence Luxembourg -24h 1/6 Meilleur rendement locatif 265 000 € 8 418 €/m² À partir de 1 180 €/mois Appartement 2 pièces 31,48 m² 1 chambre Paris 12è…"
Appartement,729 000 €,13 500 €/m²,54 m²,3 pièces,Paris 18ème (75),BEEMMO SAS 3D -24h 1 | 1/7 Bien le moins consommateur d'énergie 729 000 € 13 500 €/m² À partir de 3 247 €/mois Appartement 3 pièces 54 m² 2 chambres Paris 18ème…
Appartement,1 390 000 €,21 385 €/m²,65 m²,3 pièces,Paris 16ème (75),JOHN TAYLOR - PARIS 8 -24h 1/16 1 390 000 € 21 385 €/m² À partir de 6 192 €/mois Appartement 3 pièces 65 m² 2 chambres Paris 16ème (75) Voir sur Propriétés Le F…
Appartement neuf,306 100 €,9 321 €/m²,"32,84 m²",1 pièces,Paris 17ème (75),"NEXITY 1/3 306 100 € 9 321 €/m² À partir de 1 363 €/mois Appartement neuf 1 pièce 32,84 m² Paris 17ème (75) Voir sur Figaro Immoneuf Contacter Description"
Appartement,449 000 €,10 435 €/m²,"43,03 m²",2 pièces,Paris 19ème (75),"CABINET S. MOUYAL -24h 1/13 449 000 € 10 435 €/m² À partir de 2 000 €/mois Appartement 2 pièces 43,03 m² 1 chambre Paris 19ème (75) ... Contacter Description"
Appartement,683 000 €,11 974 €/m²,"57,04 m²",3 pièces,Paris 17ème (75),"CABINET S. MOUYAL -24h 1/12 683 000 € 11 974 €/m² À partir de 3 043 €/mois Appartement 3 pièces 57,04 m² 1 chambre Paris 17ème (75) ... Contacter Description"
Appartement,254 400 €,14 040 €/m²,"18,12 m²",1 pièces,Paris 4ème (75),"CABINET S. MOUYAL -24h 1/9 254 400 € 14 040 €/m² À partir de 1 133 €/mois Appartement 1 pièce 18,12 m² Paris 4ème (75) ... Contacter Description"
Appartement,725 000 €,15 095 €/m²,"48,03 m²",3 pièces,Paris 7ème (75),"VARENNE 7e Exclusivité -24h 1/9 725 000 € 15 095 €/m² À partir de 3 230 €/mois Appartement 3 pièces 48,03 m² 1 chambre Paris 7ème (75) Voir sur Propriétés Le Fi…"
Appartement neuf,350 700 €,9 553 €/m²,"36,71 m²",1 pièces,Paris 17ème (75),"NEXITY 1/3 350 700 € 9 553 €/m² À partir de 1 562 €/mois Appartement neuf 1 pièce 36,71 m² Paris 17ème (75) Voir sur Figaro Immoneuf Contacter Description"
Appartement,640 000 €,11 228 €/m²,57 m²,2 pièces,Paris 15ème (75),CABINET S. MOUYAL -24h 1/15 640 000 € 11 228 €/m² À partir de 2 851 €/mois Appartement 2 pièces 57 m² 1 chambre Paris 15ème (75) Contacter Description
Appartement,548 000 €,13 976 €/m²,"39,21 m²",2 pièces,Paris 3ème (75),"CABINET S. MOUYAL -24h 1/11 548 000 € 13 976 €/m² À partir de 2 441 €/mois Appartement 2 pièces 39,21 m² Paris 3ème (75) Contacter Description"
Appartement,599 000 €,13 171 €/m²,"45,48 m²",2 pièces,Paris 16ème (75),"AGENCE GUY HOQUET PRESTIGE PASSY MUETTE -24h 1/6 599 000 € 13 171 €/m² À partir de 2 668 €/mois Appartement 2 pièces 45,48 m² 1 chambre Paris 16ème (75) Contact…"
Appartement,577 500 €,22 541 €/m²,"25,62 m²",1 pièces,Paris 6ème (75),"VARENNE 7e -24h 1/13 577 500 € 22 541 €/m² À partir de 2 572 €/mois Appartement 1 pièce 25,62 m² Paris 6ème (75) Voir sur Propriétés Le Figaro Contacter Descrip…"
Appartement neuf,365 100 €,10 044 €/m²,"36,35 m²",1 pièces,Paris 17ème (75),"NEXITY 1/3 365 100 € 10 044 €/m² À partir de 1 626 €/mois Appartement neuf 1 pièce 36,35 m² Paris 17ème (75) Voir sur Figaro Immoneuf Contacter Description"
Appartement,200 000 €,10 309 €/m²,"19,4 m²",1 pièces,Paris 13ème (75),"DELANGE GOBELINS -24h 1/8 200 000 € 10 309 €/m² À partir de 891 €/mois Appartement 1 pièce 19,4 m² Paris 13ème (75) Contacter Description"
Appartement,295 000 €,9 413 €/m²,"31,34 m²",2 pièces,Paris 20ème (75),"EXPERTIMO -24h 1/11 295 000 € 9 413 €/m² À partir de 1 314 €/mois Appartement 2 pièces 31,34 m² 1 chambre Paris 20ème (75) Contacter Description"
Appartement,569 000 €,11 380 €/m²,50 m²,2 pièces,Paris 15ème (75),CONSULTANTS IMMOBILIER -24h 1/10 569 000 € 11 380 €/m² À partir de 2 535 €/mois Appartement 2 pièces 50 m² 1 chambre Paris 15ème (75) Contacter Description
Appartement,1 730 000 €,17 413 €/m²,"99,35 m²",4 pièces,Paris 7ème (75),"DANIEL FEAU SAINT-DOMINIQUE -24h 1/18 1 730 000 € 17 413 €/m² À partir de 7 707 €/mois Appartement 4 pièces 99,35 m² 2 chambres Paris 7ème (75) Voir sur Proprié…"
Appartement neuf,314 900 €,9 143 €/m²,"34,44 m²",1 pièces,Paris 17ème (75),"NEXITY 1/3 314 900 € 9 143 €/m² À partir de 1 402 €/mois Appartement neuf 1 pièce 34,44 m² Paris 17ème (75) Voir sur Figaro Immoneuf Contacter Description"
Appartement,1 520 000 €,11 158 €/m²,"136,23 m²",5 pièces,Paris 16ème (75),"DANIEL FEAU AUTEUIL 3D 1 | 1/25 1 520 000 € 11 158 €/m² À partir de 6 772 €/mois Appartement 5 pièces 136,23 m² 3 chambres Paris 16ème (75) Voir sur Propriétés …"
Appartement,260 000 €,9 184 €/m²,"28,31 m²",2 pièces,Paris 13ème (75),"DELANGE GOBELINS Exclusivité 1/13 260 000 € 9 184 €/m² À partir de 1 158 €/mois Appartement 2 pièces 28,31 m² 1 chambre Paris 13ème (75) ... Contacter Descripti…"
Locaux professionnels,699 000 €,9 320 €/m²,75 m²,non disponible,Paris 11ème (75),Laforêt Bastille -24h 1/8 699 000 € 9 320 €/m² À partir de 3 114 €/mois Locaux professionnels 75 m² Paris 11ème (75) Contacter Description
Appartement,1 150 000 €,8 805 €/m²,"130,61 m²",5 pièces,Paris 14ème (75),"LAFORÊT - E2F IMMO Exclusivité 3D -24h 1 | 1/14 1 150 000 € 8 805 €/m² À partir de 5 123 €/mois Appartement 5 pièces 130,61 m² 4 chambres Paris 14ème (75) Conta…"
Appartement,500 000 €,12 063 €/m²,"41,45 m²",2 pièces,Paris 10ème (75),"LAFORÊT - E2F IMMO Exclusivité 3D -24h 1 | 1/7 500 000 € 12 063 €/m² À partir de 2 227 €/mois Appartement 2 pièces 41,45 m² 1 chambre Paris 10ème (75) Contacter…"
Appartement,480 000 €,11 773 €/m²,"40,77 m²",2 pièces,Paris 4ème (75),"CASAVO MANAGEMENT FRANCE Exclusivité 3D 1 | 1/13 480 000 € 11 773 €/m² À partir de 2 138 €/mois Appartement 2 pièces 40,77 m² 1 chambre Paris 4ème (75) Contacte…"
Appartement,330 000 €,15 000 €/m²,22 m²,1 pièces,Paris 3ème (75),LES ENFANTS ROUGES SAINT MARTIN -24h 1/12 330 000 € 15 000 €/m² À partir de 1 470 €/mois Appartement 1 pièce 22 m² Paris 3ème (75) ... Contacter Description
Appartement,83 500 €,13 917 €/m²,6 m²,1 pièces,Paris 1er (75),LES ENFANTS ROUGES SAINT MARTIN Exclusivité -24h 1/7 83 500 € 13 917 €/m² À partir de 372 €/mois Appartement 1 pièce 6 m² 1 chambre Paris 1er (75) ... Contacter…
Appartement,450 000 €,8 111 €/m²,"55,48 m²",2 pièces,Paris 10ème (75),"CASAVO MANAGEMENT FRANCE Exclusivité 3D 1 | 1/17 Meilleur rendement locatif 450 000 € 8 111 €/m² À partir de 2 004 €/mois Appartement 2 pièces 55,48 m² 1 chambr…"
Appartement,798 000 €,11 083 €/m²,72 m²,3 pièces,Paris 13ème (75),LA CLE DU BONHEUR -24h 1/6 798 000 € 11 083 €/m² À partir de 3 555 €/mois Appartement 3 pièces 72 m² Paris 13ème (75) Contacter Description
Appartement,1 470 000 €,14 700 €/m²,100 m²,4 pièces,Paris 12ème (75),LA CLE DU BONHEUR -24h 1/5 1 470 000 € 14 700 €/m² À partir de 6 549 €/mois Appartement 4 pièces 100 m² Paris 12ème (75) ... Contacter Description
Appartement,690 000 €,16 429 €/m²,42 m²,2 pièces,Paris 4ème (75),VILLARET -24h 1/13 690 000 € 16 429 €/m² À partir de 3 074 €/mois Appartement 2 pièces 42 m² 1 chambre Paris 4ème (75) Voir sur Propriétés Le Figaro Contacter D…
Appartement neuf,306 200 €,9 375 €/m²,"32,66 m²",1 pièces,Paris 17ème (75),"NEXITY 1/3 306 200 € 9 375 €/m² À partir de 1 364 €/mois Appartement neuf 1 pièce 32,66 m² Paris 17ème (75) Voir sur Figaro Immoneuf Contacter Description"
Appartement,625 000 €,11 111 €/m²,"56,25 m²",3 pièces,Paris 13ème (75),"LA CLE DU BONHEUR -24h 1/5 Bien le moins consommateur d'énergie 625 000 € 11 111 €/m² À partir de 2 784 €/mois Appartement 3 pièces 56,25 m² Paris 13ème (75) ..…"
Appartement,2 250 000 €,21 635 €/m²,104 m²,4 pièces,Paris 15ème (75),LA CLE DU BONHEUR -24h 1/5 2 250 000 € 21 635 €/m² À partir de 10 024 €/mois Appartement 4 pièces 104 m² Paris 15ème (75) ... Contacter Description
Appartement,310 000 €,13 901 €/m²,"22,3 m²",2 pièces,Paris 3ème (75),"LES ENFANTS ROUGES MARAIS Exclusivité -24h 1/8 310 000 € 13 901 €/m² À partir de 1 381 €/mois Appartement 2 pièces 22,3 m² 1 chambre Paris 3ème (75) ... Contact…"
Appartement,795 000 €,13 235 €/m²,"60,07 m²",3 pièces,Paris 3ème (75),"VILLARET -24h 1/13 795 000 € 13 235 €/m² À partir de 3 541 €/mois Appartement 3 pièces 60,07 m² 2 chambres Paris 3ème (75) Voir sur Propriétés Le Figaro Contact…"
Appartement neuf,295 900 €,8 602 €/m²,"34,4 m²",1 pièces,Paris 17ème (75),"NEXITY 1/3 295 900 € 8 602 €/m² À partir de 1 318 €/mois Appartement neuf 1 pièce 34,4 m² Paris 17ème (75) Voir sur Figaro Immoneuf Contacter Description"
Locaux professionnels,2 185 000 €,13 270 €/m²,"164,66 m²",non disponible,Paris 3ème (75),"LES ENFANTS ROUGES MARAIS -24h 1/13 2 185 000 € 13 270 €/m² À partir de 9 734 €/mois Locaux professionnels 164,66 m² Paris 3ème (75) ... Contacter Description"
Appartement,630 000 €,15 358 €/m²,"41,02 m²",2 pièces,Paris 3ème (75),"LES ENFANTS ROUGES MARAIS Exclusivité -24h 1/11 630 000 € 15 358 €/m² À partir de 2 806 €/mois Appartement 2 pièces 41,02 m² 1 chambre Paris 3ème (75) Contacter…"
Appartement,1 270 000 €,16 282 €/m²,78 m²,3 pièces,Paris 15ème (75),EON IMMOBILIER Exclusivité -24h 1/10 1 270 000 € 16 282 €/m² À partir de 5 658 €/mois Appartement 3 pièces 78 m² 2 chambres Paris 15ème (75) Contacter Descripti…
Appartement,648 000 €,12 919 €/m²,"50,16 m²",2 pièces,Paris 4ème (75),"VILLARET -24h 1/11 648 000 € 12 919 €/m² À partir de 2 887 €/mois Appartement 2 pièces 50,16 m² 1 chambre Paris 4ème (75) Voir sur Propriétés Le Figaro Contacte…"
Appartement neuf,314 900 €,9 143 €/m²,"34,44 m²",1 pièces,Paris 17ème (75),"NEXITY 1/3 314 900 € 9 143 €/m² À partir de 1 402 €/mois Appartement neuf 1 pièce 34,44 m² Paris 17ème (75) Voir sur Figaro Immoneuf Contacter Description"
Appartement,590 000 €,19 225 €/m²,"30,69 m²",2 pièces,Paris 7ème (75),"DANIEL FEAU RUE DU BAC Exclusivité 3D -24h 1 | 1/8 590 000 € 19 225 €/m² À partir de 2 628 €/mois Appartement 2 pièces 30,69 m² 1 chambre Paris 7ème (75) Contac…"
Appartement,390 000 €,9 750 €/m²,40 m²,2 pièces,Paris 14ème (75),DAUPHINE RIVE GAUCHE VAVIN 3D -24h 1 | 1/10 390 000 € 9 750 €/m² À partir de 1 737 €/mois Appartement 2 pièces 40 m² 1 chambre Paris 14ème (75) Contacter Descri…
Appartement,3 990 000 €,19 894 €/m²,"200,56 m²",6 pièces,Paris 7ème (75),"DAUPHINE RIVE GAUCHE VAVIN -24h 1/12 3 990 000 € 19 894 €/m² À partir de 17 776 €/mois Appartement 6 pièces 200,56 m² 4 chambres Paris 7ème (75) Contacter Descr…"
Appartement,435 000 €,16 534 €/m²,"26,31 m²",2 pièces,Paris 6ème (75),"Villaret Immobilier 6ème 3D -24h 1 | 1/18 435 000 € 16 534 €/m² À partir de 1 938 €/mois Appartement 2 pièces 26,31 m² 1 chambre Paris 6ème (75) Voir sur Propri…"
Appartement neuf,1 045 000 €,13 145 €/m²,"79,5 m²",3 pièces,Paris 20ème (75),"DEMATHIEU BARD IMMOBILIER 1/8 1 045 000 € 13 145 €/m² À partir de 4 655 €/mois Appartement neuf 3 pièces 79,5 m² Paris 20ème (75) Voir sur Figaro Immoneuf Conta…"
Appartement,690 000 €,9 490 €/m²,"72,71 m²",3 pièces,Paris 10ème (75),"DANIEL FEAU 9ème 1/7 690 000 € 9 490 €/m² À partir de 3 074 €/mois Appartement 3 pièces 72,71 m² 2 chambres Paris 10ème (75) Voir sur Propriétés Le Figaro Conta…"
Appartement,1 370 000 €,16 106 €/m²,"85,06 m²",3 pièces,Paris 6ème (75),"DAUPHINE RIVE GAUCHE VAVIN -24h 1/15 1 370 000 € 16 106 €/m² À partir de 6 103 €/mois Appartement 3 pièces 85,06 m² 2 chambres Paris 6ème (75) Contacter Descrip…"
Appartement,721 000 €,12 736 €/m²,"56,61 m²",2 pièces,Paris 16ème (75),"DAUPHINE RIVE GAUCHE VAVIN Exclusivité -24h 1/12 721 000 € 12 736 €/m² À partir de 3 212 €/mois Appartement 2 pièces 56,61 m² 1 chambre Paris 16ème (75) Contact…"
Appartement,1 290 000 €,18 677 €/m²,"69,07 m²",3 pièces,Paris 5ème (75),"1809 immobilier parisien Exclusivité -24h 1/11 1 290 000 € 18 677 €/m² À partir de 5 747 €/mois Appartement 3 pièces 69,07 m² 2 chambres Paris 5ème (75) Voir su…"
Appartement neuf,1 380 000 €,13 181 €/m²,"104,7 m²",4 pièces,Paris 20ème (75),"DEMATHIEU BARD IMMOBILIER 1/8 1 380 000 € 13 181 €/m² À partir de 6 148 €/mois Appartement neuf 4 pièces 104,7 m² Paris 20ème (75) Voir sur Figaro Immoneuf Cont…"
Appartement,551 000 €,10 674 €/m²,"51,62 m²",3 pièces,Paris 14ème (75),"Laforêt PARIS 14 ALESIA Exclusivité -24h 1/10 551 000 € 10 674 €/m² À partir de 2 454 €/mois Appartement 3 pièces 51,62 m² 1 chambre Paris 14ème (75) Contacter …"
Appartement,241 500 €,9 382 €/m²,"25,74 m²",2 pièces,Paris 14ème (75),"DAUPHINE RIVE GAUCHE Exclusivité -24h 1/8 Meilleur rendement locatif 241 500 € 9 382 €/m² À partir de 1 075 €/mois Appartement 2 pièces 25,74 m² Paris 14ème (75…"
Appartement,165 000 €,17 742 €/m²,"9,3 m²",1 pièces,Paris 6ème (75),"DAUPHINE RIVE GAUCHE -24h 1/5 165 000 € 17 742 €/m² À partir de 735 €/mois Appartement 1 pièce 9,3 m² Paris 6ème (75) Contacter Description"
Appartement,1 800 000 €,18 000 €/m²,100 m²,4 pièces,Paris 15ème (75),LA CLE DU BONHEUR -24h 1/5 Bien le moins consommateur d'énergie 1 800 000 € 18 000 €/m² À partir de 8 019 €/mois Appartement 4 pièces 100 m² Paris 15ème (75) Co…
Appartement,870 000 €,13 385 €/m²,65 m²,3 pièces,Paris 1er (75),DAUPHINE RIVE GAUCHE 3D -24h 1 | 1/15 870 000 € 13 385 €/m² À partir de 3 876 €/mois Appartement 3 pièces 65 m² 2 chambres Paris 1er (75) ... Contacter Descript…
Appartement,309 750 €,15 885 €/m²,"19,5 m²",1 pièces,Paris 6ème (75),"DAUPHINE RIVE GAUCHE 3D -24h 1 | 1/7 309 750 € 15 885 €/m² À partir de 1 380 €/mois Appartement 1 pièce 19,5 m² Paris 6ème (75) Contacter Description"
Appartement,110 000 €,13 350 €/m²,"8,24 m²",1 pièces,Paris 6ème (75),"DAUPHINE RIVE GAUCHE 3D -24h 1 | 1/7 110 000 € 13 350 €/m² À partir de 490 €/mois Appartement 1 pièce 8,24 m² Paris 6ème (75) ... Contacter Description"
Duplex,936 000 €,13 371 €/m²,70 m²,2 pièces,Paris 17ème (75),ARMAILLE IMMOBILIER 1/7 936 000 € 13 371 €/m² À partir de 4 170 €/mois Duplex 2 pièces 70 m² 1 chambre Paris 17ème (75) Contacter Description
Appartement,519 000 €,12 975 €/m²,40 m²,2 pièces,Paris 17ème (75),ARMAILLE IMMOBILIER 1/10 519 000 € 12 975 €/m² À partir de 2 312 €/mois Appartement 2 pièces 40 m² 1 chambre Paris 17ème (75) Contacter Description
Appartement,3 800 000 €,16 170 €/m²,235 m²,6 pièces,Paris 16ème (75),Saint Ferdinand Pompe -24h 1/12 3 800 000 € 16 170 €/m² À partir de 16 930 €/mois Appartement 6 pièces 235 m² 4 chambres Paris 16ème (75) Voir sur Propriétés Le…
Appartement neuf,1 380 000 €,13 181 €/m²,"104,7 m²",4 pièces,Paris 20ème (75),"DEMATHIEU BARD IMMOBILIER 1/8 1 380 000 € 13 181 €/m² À partir de 6 148 €/mois Appartement neuf 4 pièces 104,7 m² Paris 20ème (75) Voir sur Figaro Immoneuf Cont…"
Appartement,445 000 €,13 088 €/m²,34 m²,2 pièces,Paris 18ème (75),ARMAILLE IMMOBILIER Exclusivité 1/9 445 000 € 13 088 €/m² À partir de 1 982 €/mois Appartement 2 pièces 34 m² 1 chambre Paris 18ème (75) Contacter Description
Appartement,110 000 €,12 222 €/m²,9 m²,1 pièces,Paris 17ème (75),ARMAILLE IMMOBILIER 1/6 110 000 € 12 222 €/m² À partir de 490 €/mois Appartement 1 pièce 9 m² Paris 17ème (75) Contacter Description
Appartement,2 099 000 €,10 495 €/m²,200 m²,7 pièces,Paris 17ème (75),ARMAILLE IMMOBILIER 1/18 2 099 000 € 10 495 €/m² À partir de 9 351 €/mois Appartement 7 pièces 200 m² 5 chambres Paris 17ème (75) Contacter Description
Appartement,1 400 000 €,13 692 €/m²,"102,25 m²",4 pièces,Paris 17ème (75),"JUNOT MONCEAU Exclusivité 3D -24h 1 | 1/28 1 400 000 € 13 692 €/m² À partir de 6 237 €/mois Appartement 4 pièces 102,25 m² 3 chambres Paris 17ème (75) Voir sur …"
Maison neuve,1 300 000 €,13 238 €/m²,"98,2 m²",4 pièces,Paris 20ème (75),"DEMATHIEU BARD IMMOBILIER 1/8 1 300 000 € 13 238 €/m² À partir de 5 791 €/mois Maison neuve 4 pièces 98,2 m² Paris 20ème (75) Voir sur Figaro Immoneuf Contacter…"
Appartement,1 854 000 €,12 612 €/m²,147 m²,5 pièces,Paris 16ème (75),ARMAILLE IMMOBILIER 1/9 1 854 000 € 12 612 €/m² À partir de 8 260 €/mois Appartement 5 pièces 147 m² 3 chambres Paris 16ème (75) Contacter Description
Appartement,308 700 €,14 032 €/m²,22 m²,1 pièces,Paris 17ème (75),ARMAILLE IMMOBILIER Exclusivité 1/7 308 700 € 14 032 €/m² À partir de 1 375 €/mois Appartement 1 pièce 22 m² Paris 17ème (75) Contacter Description
Appartement,780 000 €,11 143 €/m²,70 m²,3 pièces,Paris 17ème (75),ARMAILLE IMMOBILIER 1/11 780 000 € 11 143 €/m² À partir de 3 475 €/mois Appartement 3 pièces 70 m² 2 chambres Paris 17ème (75) Contacter Description
Appartement,828 000 €,9 000 €/m²,92 m²,4 pièces,Paris 15ème (75),Vaneau 15e Saint-Charles Exclusivité -24h 1/18 828 000 € 9 000 €/m² À partir de 3 689 €/mois Appartement 4 pièces 92 m² 3 chambres Paris 15ème (75) Voir sur Pro…
Appartement neuf,1 290 000 €,16 669 €/m²,"77,39 m²",4 pièces,Paris 19ème (75),"GROUPE PATRIGNANI AEDIFICAT -24h 1/5 1 290 000 € 16 669 €/m² À partir de 5 747 €/mois Appartement neuf 4 pièces 77,39 m² Paris 19ème (75) Voir sur Figaro Immone…"
Appartement,1 260 000 €,16 915 €/m²,"74,49 m²",3 pièces,Paris 7ème (75),"ARMAILLE IMMOBILIER 1/14 Coup de cœur du secteur 1 260 000 € 16 915 €/m² À partir de 5 613 €/mois Appartement 3 pièces 74,49 m² 2 chambres Paris 7ème (75) Conta…"
Appartement,799 000 €,10 653 €/m²,75 m²,3 pièces,Paris 17ème (75),ARMAILLE IMMOBILIER Exclusivité 1/9 799 000 € 10 653 €/m² À partir de 3 559 €/mois Appartement 3 pièces 75 m² 1 chambre Paris 17ème (75) Contacter Description
Appartement,515 000 €,12 561 €/m²,41 m²,3 pièces,Paris 17ème (75),ARMAILLE IMMOBILIER 1/9 515 000 € 12 561 €/m² À partir de 2 294 €/mois Appartement 3 pièces 41 m² 2 chambres Paris 17ème (75) Contacter Description
Appartement,735 000 €,14 429 €/m²,"50,94 m²",2 pièces,Paris 2ème (75),"JUNOT MARAIS Exclusivité 3D -24h 1 | 1/13 735 000 € 14 429 €/m² À partir de 3 274 €/mois Appartement 2 pièces 50,94 m² 1 chambre Paris 2ème (75) Voir sur Propri…"
Appartement neuf,1 190 000 €,17 032 €/m²,"69,87 m²",4 pièces,Paris 19ème (75),"GROUPE PATRIGNANI AEDIFICAT -24h 1/5 1 190 000 € 17 032 €/m² À partir de 5 301 €/mois Appartement neuf 4 pièces 69,87 m² Paris 19ème (75) Voir sur Figaro Immone…"
Duplex,1 145 000 €,12 446 €/m²,92 m²,non disponible,Paris 16ème (75),SOCIETE IVA IMMOBILIER 1/17 1 145 000 € 12 446 €/m² À partir de 5 101 €/mois Duplex 92 m² Paris 16ème (75) Voir sur Propriétés Le Figaro Contacter Description
Appartement,579 000 €,7 932 €/m²,73 m²,4 pièces,Paris 20ème (75),ARMAILLE IMMOBILIER 1/7 Prix au m² le plus bas 579 000 € 7 932 €/m² À partir de 2 579 €/mois Appartement 4 pièces 73 m² 2 chambres Paris 20ème (75) Contacter De…
Appartement,2 548 000 €,12 869 €/m²,198 m²,7 pièces,Paris 17ème (75),ARMAILLE IMMOBILIER 1/9 2 548 000 € 12 869 €/m² À partir de 11 352 €/mois Appartement 7 pièces 198 m² 3 chambres Paris 17ème (75) Contacter Description
Appartement,2 750 000 €,13 887 €/m²,"198,02 m²",6 pièces,Paris 5ème (75),"JUNOT 6e 3D -24h 1 | 1/21 2 750 000 € 13 887 €/m² À partir de 12 252 €/mois Appartement 6 pièces 198,02 m² 4 chambres Paris 5ème (75) Voir sur Propriétés Le Fig…"
Appartement neuf,850 000 €,12 023 €/m²,"70,7 m²",3 pièces,Paris 20ème (75),"DEMATHIEU BARD IMMOBILIER 1/8 850 000 € 12 023 €/m² À partir de 3 787 €/mois Appartement neuf 3 pièces 70,7 m² Paris 20ème (75) Voir sur Figaro Immoneuf Contact…"
Appartement,325 500 €,13 020 €/m²,25 m²,1 pièces,Paris 17ème (75),ARMAILLE IMMOBILIER 1/6 325 500 € 13 020 €/m² À partir de 1 450 €/mois Appartement 1 pièce 25 m² Paris 17ème (75) Contacter Description
Appartement,378 000 €,13 034 €/m²,29 m²,2 pièces,Paris 17ème (75),ARMAILLE IMMOBILIER Exclusivité 1/5 378 000 € 13 034 €/m² À partir de 1 684 €/mois Appartement 2 pièces 29 m² 1 chambre Paris 17ème (75) Contacter Description
Appartement,2 250 000 €,24 194 €/m²,93 m²,3 pièces,Paris 16ème (75),Isabelle G Properties -24h 1/14 2 250 000 € 24 194 €/m² À partir de 10 024 €/mois Appartement 3 pièces 93 m² 2 chambres Paris 16ème (75) ... Contacter Descripti…
Appartement,250 000 €,10 720 €/m²,"23,32 m²",2 pièces,Paris 18ème (75),"CONNEXION DAMREMONT -24h 1/5 250 000 € 10 720 €/m² À partir de 1 113 €/mois Appartement 2 pièces 23,32 m² 1 chambre Paris 18ème (75) ... Contacter Description"
Appartement,226 000 €,9 417 €/m²,24 m²,1 pièces,Paris 20ème (75),CASAVO MANAGEMENT FRANCE 1/6 Meilleur rendement locatif 226 000 € 9 417 €/m² À partir de 1 006 €/mois Appartement 1 pièce 24 m² Paris 20ème (75) Contacter Descr…
Appartement,1 400 000 €,10 370 €/m²,135 m²,4 pièces,Paris 16ème (75),Claire C'Immobilier 1/12 Bien le moins consommateur d'énergie 1 400 000 € 10 370 €/m² À partir de 6 237 €/mois Appartement 4 pièces 135 m² 3 chambres Paris 16èm…
Appartement,650 000 €,24 752 €/m²,"26,26 m²",2 pièces,Paris 6ème (75),"DISTRICT SAINT GERMAIN -24h 1/8 650 000 € 24 752 €/m² À partir de 2 895 €/mois Appartement 2 pièces 26,26 m² 1 chambre Paris 6ème (75) Contacter Description"
Appartement,650 000 €,13 265 €/m²,49 m²,2 pièces,Paris 7ème (75),DISTRICT SAINT GERMAIN -24h 1/7 650 000 € 13 265 €/m² À partir de 2 895 €/mois Appartement 2 pièces 49 m² 1 chambre Paris 7ème (75) Contacter Description
Appartement,1 175 000 €,11 750 €/m²,100 m²,4 pièces,Paris 16ème (75),AGENCE LA GARENNE -24h 1/15 1 175 000 € 11 750 €/m² À partir de 5 235 €/mois Appartement 4 pièces 100 m² 2 chambres Paris 16ème (75) Contacter Description
Appartement,720 000 €,11 728 €/m²,"61,39 m²",3 pièces,Paris 18ème (75),"JUNOT MONTMARTRE Exclusivité 3D -24h 1 | 1/18 720 000 € 11 728 €/m² À partir de 3 207 €/mois Appartement 3 pièces 61,39 m² 2 chambres Paris 18ème (75) Voir sur …"
Maison neuve,1 275 000 €,14 947 €/m²,"85,3 m²",4 pièces,Paris 20ème (75),"DEMATHIEU BARD IMMOBILIER 1/8 1 275 000 € 14 947 €/m² À partir de 5 680 €/mois Maison neuve 4 pièces 85,3 m² Paris 20ème (75) Voir sur Figaro Immoneuf Contacter…"
Locaux professionnels,1 200 000 €,8 889 €/m²,135 m²,non disponible,Paris 17ème (75),ARMAILLE IMMOBILIER Exclusivité 1/10 1 200 000 € 1 448 000 € 8 889 €/m² À partir de 5 346 €/mois Locaux professionnels 135 m² Paris 17ème (75) Contacter Descrip…
Appartement,299 000 €,8 925 €/m²,"33,5 m²",2 pièces,Paris 18ème (75),"Un Toit et Vous Exclusivité 3D 1 | 1/9 299 000 € 8 925 €/m² À partir de 1 332 €/mois Appartement 2 pièces 33,5 m² 1 chambre Paris 18ème (75) Contacter Descripti…"
Appartement,405 000 €,10 503 €/m²,"38,56 m²",3 pièces,Paris 3ème (75),"LES ENFANTS ROUGES MARAIS -24h 1/11 405 000 € 10 503 €/m² À partir de 1 804 €/mois Appartement 3 pièces 38,56 m² 2 chambres Paris 3ème (75) ... Contacter Descri…"
Appartement,2 185 000 €,13 270 €/m²,"164,66 m²",6 pièces,Paris 3ème (75),"LES ENFANTS ROUGES MARAIS -24h 1/13 2 185 000 € 13 270 €/m² À partir de 9 734 €/mois Appartement 6 pièces 164,66 m² 4 chambres Paris 3ème (75) Voir sur Propriét…"
Maison neuve,1 190 000 €,15 296 €/m²,"77,8 m²",3 pièces,Paris 20ème (75),"DEMATHIEU BARD IMMOBILIER 1/8 1 190 000 € 15 296 €/m² À partir de 5 301 €/mois Maison neuve 3 pièces 77,8 m² Paris 20ème (75) Voir sur Figaro Immoneuf Contacter…"
Appartement,649 000 €,10 802 €/m²,"60,08 m²",3 pièces,Paris 10ème (75),"LES ENFANTS ROUGES MARAIS -24h 1/9 649 000 € 10 802 €/m² À partir de 2 891 €/mois Appartement 3 pièces 60,08 m² 1 chambre Paris 10ème (75) ... Contacter Descrip…"
Locaux professionnels,745 000 €,7 673 €/m²,"97,09 m²",non disponible,Paris 3ème (75),"LES ENFANTS ROUGES MARAIS Exclusivité -24h 1/7 745 000 € 7 673 €/m² À partir de 3 319 €/mois Locaux professionnels 97,09 m² Paris 3ème (75) ... Contacter Descri…"
Appartement,1 150 000 €,11 058 €/m²,104 m²,5 pièces,Paris 16ème (75),EMO REAL ESTATE 1/5 Coup de cœur du secteur 1 150 000 € 11 058 €/m² À partir de 5 123 €/mois Appartement 5 pièces 104 m² 3 chambres Paris 16ème (75) ... Contact…
Appartement,750 000 €,11 012 €/m²,"68,11 m²",3 pièces,Paris 3ème (75),"LES ENFANTS ROUGES MARAIS -24h 1/14 750 000 € 11 012 €/m² À partir de 3 341 €/mois Appartement 3 pièces 68,11 m² 2 chambres Paris 3ème (75) Voir sur Propriétés …"
Appartement neuf,1 040 000 €,12 150 €/m²,"85,6 m²",4 pièces,Paris 20ème (75),"DEMATHIEU BARD IMMOBILIER 1/8 1 040 000 € 12 150 €/m² À partir de 4 633 €/mois Appartement neuf 4 pièces 85,6 m² Paris 20ème (75) Voir sur Figaro Immoneuf Conta…"
Appartement,1 050 000 €,11 413 €/m²,92 m²,4 pièces,Paris 16ème (75),IAD FRANCE -24h 1/14 1 050 000 € 11 413 €/m² À partir de 4 678 €/mois Appartement 4 pièces 92 m² 3 chambres Paris 16ème (75) Contacter Description
Locaux professionnels,625 000 €,5 580 €/m²,112 m²,non disponible,Paris 11ème (75),IAD FRANCE Exclusivité -24h 1/14 Prix au m² le plus bas 625 000 € 5 580 €/m² À partir de 2 784 €/mois Locaux professionnels 112 m² Paris 11ème (75) Contacter De…
Appartement,348 000 €,6 824 €/m²,51 m²,3 pièces,Paris 19ème (75),IAD FRANCE Exclusivité -24h 1/9 348 000 € 6 824 €/m² À partir de 1 550 €/mois Appartement 3 pièces 51 m² 2 chambres Paris 19ème (75) Contacter Description
Appartement,499 000 €,12 297 €/m²,"40,58 m²",2 pièces,Paris 5ème (75),"Vaneau Marais Exclusivité -24h 1/11 499 000 € 12 297 €/m² À partir de 2 223 €/mois Appartement 2 pièces 40,58 m² Paris 5ème (75) Voir sur Propriétés Le Figaro C…"
Appartement neuf,1 350 000 €,12 593 €/m²,"107,2 m²",5 pièces,Paris 20ème (75),"DEMATHIEU BARD IMMOBILIER 1/8 1 350 000 € 12 593 €/m² À partir de 6 014 €/mois Appartement neuf 5 pièces 107,2 m² Paris 20ème (75) Voir sur Figaro Immoneuf Cont…"
Appartement,1 100 000 €,18 631 €/m²,"59,04 m²",3 pièces,Paris 7ème (75),"BARNES Pied-à-terre Bac-Varenne Exclusivité 1/21 1 100 000 € 18 631 €/m² À partir de 4 900 €/mois Appartement 3 pièces 59,04 m² 2 chambres Paris 7ème (75) Voir …"
Appartement,110 000 €,14 706 €/m²,"7,48 m²",1 pièces,Paris 17ème (75),"CASAVO MANAGEMENT FRANCE 1/13 110 000 € 14 706 €/m² À partir de 490 €/mois Appartement 1 pièce 7,48 m² Paris 17ème (75) Contacter Description"
Appartement,1 100 000 €,11 471 €/m²,"95,89 m²",4 pièces,Paris 15ème (75),"CASAVO MANAGEMENT FRANCE 1/21 1 100 000 € 11 471 €/m² À partir de 4 900 €/mois Appartement 4 pièces 95,89 m² 2 chambres Paris 15ème (75) Contacter Description"
Appartement,2 850 000 €,17 884 €/m²,"159,36 m²",7 pièces,Paris 7ème (75),"DANIEL FEAU RUE DU BAC Exclusivité 3D -24h 1 | 1/26 2 850 000 € 17 884 €/m² À partir de 12 697 €/mois Appartement 7 pièces 159,36 m² 4 chambres Paris 7ème (75) …"
Appartement neuf,299 000 €,8 768 €/m²,"34,1 m²",1 pièces,Paris 18ème (75),"GIBOIRE IMMOBILIER NEUF 1/6 299 000 € 8 768 €/m² À partir de 1 332 €/mois Appartement neuf 1 pièce 34,1 m² Paris 18ème (75) Voir sur Figaro Immoneuf Contacter D…"
Appartement,510 000 €,8 361 €/m²,61 m²,3 pièces,Paris 12ème (75),RE/MAX AVANTAGE -24h 1/7 510 000 € 8 361 €/m² À partir de 2 272 €/mois Appartement 3 pièces 61 m² 2 chambres Paris 12ème (75) Contacter Description
Appartement,653 000 €,11 068 €/m²,59 m²,2 pièces,Paris 13ème (75),BONLOGIS IMMOBILIER -24h 1/5 653 000 € 11 068 €/m² À partir de 2 909 €/mois Appartement 2 pièces 59 m² 1 chambre Paris 13ème (75) Contacter Description
Appartement,727 000 €,11 185 €/m²,65 m²,3 pièces,Paris 13ème (75),BONLOGIS IMMOBILIER -24h 1/5 727 000 € 11 185 €/m² À partir de 3 239 €/mois Appartement 3 pièces 65 m² 2 chambres Paris 13ème (75) Contacter Description
Appartement,760 500 €,10 563 €/m²,72 m²,3 pièces,Paris 13ème (75),BONLOGIS IMMOBILIER -24h 1/6 760 500 € 10 563 €/m² À partir de 3 388 €/mois Appartement 3 pièces 72 m² 2 chambres Paris 13ème (75) Contacter Description
Appartement,757 000 €,9 012 €/m²,84 m²,4 pièces,Paris 18ème (75),BONLOGIS IMMOBILIER -24h 1/6 757 000 € 9 012 €/m² À partir de 3 372 €/mois Appartement 4 pièces 84 m² 3 chambres Paris 18ème (75) Contacter Description
Appartement,1 750 000 €,12 500 €/m²,140 m²,5 pièces,Paris 20ème (75),BONLOGIS IMMOBILIER -24h 1/5 1 750 000 € 12 500 €/m² À partir de 7 796 €/mois Appartement 5 pièces 140 m² 4 chambres Paris 20ème (75) Contacter Description
Appartement,3 195 000 €,21 588 €/m²,148 m²,5 pièces,Paris 18ème (75),BONLOGIS IMMOBILIER -24h 1/6 3 195 000 € 21 588 €/m² À partir de 14 234 €/mois Appartement 5 pièces 148 m² 4 chambres Paris 18ème (75) Contacter Description
Appartement,2 800 000 €,14 286 €/m²,196 m²,4 pièces,Paris 14ème (75),BONLOGIS IMMOBILIER -24h 1/5 2 800 000 € 14 286 €/m² À partir de 12 474 €/mois Appartement 4 pièces 196 m² 3 chambres Paris 14ème (75) Contacter Description
Appartement,760 500 €,10 563 €/m²,72 m²,3 pièces,Paris 13ème (75),BONLOGIS IMMOBILIER -24h 1/5 760 500 € 10 563 €/m² À partir de 3 388 €/mois Appartement 3 pièces 72 m² 2 chambres Paris 13ème (75) Contacter Description
Appartement,585 000 €,17 206 €/m²,34 m²,1 pièces,Paris 6ème (75),DAUPHINE RIVE GAUCHE VAVIN Exclusivité 3D -24h 1 | 1/6 585 000 € 17 206 €/m² À partir de 2 606 €/mois Appartement 1 pièce 34 m² Paris 6ème (75) Voir sur Proprié…
Appartement neuf,623 000 €,8 605 €/m²,"72,4 m²",3 pièces,Paris 18ème (75),"GIBOIRE IMMOBILIER NEUF 1/6 623 000 € 8 605 €/m² À partir de 2 775 €/mois Appartement neuf 3 pièces 72,4 m² Paris 18ème (75) Voir sur Figaro Immoneuf Contacter …"
Appartement,1 995 000 €,15 960 €/m²,125 m²,5 pièces,Paris 15ème (75),BONLOGIS IMMOBILIER -24h 1/6 1 995 000 € 15 960 €/m² À partir de 8 888 €/mois Appartement 5 pièces 125 m² 4 chambres Paris 15ème (75) ... Contacter Description
Appartement,773 000 €,11 203 €/m²,69 m²,3 pièces,Paris 13ème (75),BONLOGIS IMMOBILIER -24h 1/5 773 000 € 11 203 €/m² À partir de 3 443 €/mois Appartement 3 pièces 69 m² 2 chambres Paris 13ème (75) Contacter Description
Appartement,1 250 000 €,11 364 €/m²,110 m²,5 pièces,Paris 13ème (75),BONLOGIS IMMOBILIER -24h 1/6 1 250 000 € 11 364 €/m² À partir de 5 569 €/mois Appartement 5 pièces 110 m² 4 chambres Paris 13ème (75) Contacter Description
Appartement,258 000 €,17 599 €/m²,"14,66 m²",1 pièces,Paris 7ème (75),"DAUPHINE RIVE GAUCHE VAVIN -24h 1/11 258 000 € 17 599 €/m² À partir de 1 149 €/mois Appartement 1 pièce 14,66 m² Paris 7ème (75) Voir sur Propriétés Le Figaro C…"
Appartement neuf,299 000 €,8 768 €/m²,"34,1 m²",1 pièces,Paris 18ème (75),"GIBOIRE IMMOBILIER NEUF 1/6 299 000 € 8 768 €/m² À partir de 1 332 €/mois Appartement neuf 1 pièce 34,1 m² Paris 18ème (75) Voir sur Figaro Immoneuf Contacter D…"
Appartement,960 000 €,10 909 €/m²,88 m²,4 pièces,Paris 13ème (75),BONLOGIS IMMOBILIER -24h 1/5 960 000 € 10 909 €/m² À partir de 4 277 €/mois Appartement 4 pièces 88 m² 3 chambres Paris 13ème (75) Contacter Description
Duplex,1 250 000 €,12 136 €/m²,103 m²,4 pièces,Paris 20ème (75),BONLOGIS IMMOBILIER -24h 1/5 1 250 000 € 12 136 €/m² À partir de 5 569 €/mois Duplex 4 pièces 103 m² 3 chambres Paris 20ème (75) Contacter Description
Appartement,3 495 000 €,22 077 €/m²,"158,31 m²",5 pièces,Paris 18ème (75),"KLENOVA -24h 1/8 3 495 000 € 22 077 €/m² À partir de 15 571 €/mois Appartement 5 pièces 158,31 m² 4 chambres Paris 18ème (75) Contacter Description"
Appartement,900 000 €,16 178 €/m²,"55,63 m²",3 pièces,Paris 6ème (75),"Vaneau Bac Saint-Germain Exclusivité -24h 1/14 900 000 € 16 178 €/m² À partir de 4 009 €/mois Appartement 3 pièces 55,63 m² 2 chambres Paris 6ème (75) Voir sur …"
Appartement neuf,445 000 €,8 990 €/m²,"49,5 m²",2 pièces,Paris 18ème (75),"GIBOIRE IMMOBILIER NEUF 1/6 445 000 € 8 990 €/m² À partir de 1 982 €/mois Appartement neuf 2 pièces 49,5 m² Paris 18ème (75) Voir sur Figaro Immoneuf Contacter …"
Appartement,2 500 000 €,16 834 €/m²,"148,51 m²",4 pièces,Paris 19ème (75),"KLENOVA -24h 1/9 2 500 000 € 16 834 €/m² À partir de 11 138 €/mois Appartement 4 pièces 148,51 m² 3 chambres Paris 19ème (75) Contacter Description"
Appartement,2 800 200 €,14 305 €/m²,"195,75 m²",4 pièces,Paris 14ème (75),"KLENOVA -24h 1/6 2 800 200 € 14 305 €/m² À partir de 12 475 €/mois Appartement 4 pièces 195,75 m² 3 chambres Paris 14ème (75) Contacter Description"
Appartement,1 250 000 €,12 019 €/m²,104 m²,4 pièces,Paris 20ème (75),BONLOGIS IMMOBILIER -24h 1/5 1 250 000 € 12 019 €/m² À partir de 5 569 €/mois Appartement 4 pièces 104 m² 3 chambres Paris 20ème (75) Contacter Description
Appartement,1 060 000 €,13 588 €/m²,"78,01 m²",3 pièces,Paris 16ème (75),"Vaneau Auteuil-Passy -24h 1/14 1 060 000 € 13 588 €/m² À partir de 4 722 €/mois Appartement 3 pièces 78,01 m² 2 chambres Paris 16ème (75) Voir sur Propriétés Le…"
Appartement neuf,639 000 €,7 671 €/m²,"83,3 m²",4 pièces,Paris 18ème (75),"GIBOIRE IMMOBILIER NEUF 1/6 639 000 € 7 671 €/m² À partir de 2 846 €/mois Appartement neuf 4 pièces 83,3 m² Paris 18ème (75) Voir sur Figaro Immoneuf Contacter …"
Appartement,8 500 000 €,16 604 €/m²,"511,93 m²",10 pièces,Paris 16ème (75),"Polo Properties 1/13 8 500 000 € 16 604 €/m² À partir de 37 870 €/mois Appartement 10 pièces 511,93 m² 4 chambres Paris 16ème (75) Voir sur Propriétés Le Figaro…"
Appartement,1 550 000 €,12 205 €/m²,127 m²,5 pièces,Paris 20ème (75),BONLOGIS IMMOBILIER -24h 1/6 1 550 000 € 12 205 €/m² À partir de 6 905 €/mois Appartement 5 pièces 127 m² 4 chambres Paris 20ème (75) Contacter Description
Appartement,895 000 €,12 095 €/m²,74 m²,2 pièces,Paris 2ème (75),Agences de France -24h 1/12 895 000 € 12 095 €/m² À partir de 3 987 €/mois Appartement 2 pièces 74 m² 1 chambre Paris 2ème (75) ... Contacter Description
Appartement,430 000 €,11 625 €/m²,"36,99 m²",3 pièces,Paris 16ème (75),"Vaneau Auteuil-Passy -24h 1/7 430 000 € 11 625 €/m² À partir de 1 915 €/mois Appartement 3 pièces 36,99 m² 1 chambre Paris 16ème (75) Voir sur Propriétés Le Fig…"
Appartement neuf,1 660 000 €,14 435 €/m²,115 m²,5 pièces,Paris 13ème (75),COGEDIM Envie de voir plus de photos ? Demander plus de photos 1 660 000 € 14 435 €/m² À partir de 7 395 €/mois Appartement neuf 5 pièces 115 m² Paris 13ème (75…
Appartement,279 000 €,7 750 €/m²,36 m²,2 pièces,Paris 18ème (75),Un Toit et Vous Exclusivité 3D 1 | 1/10 Coup de cœur du secteur 279 000 € 7 750 €/m² À partir de 1 243 €/mois Appartement 2 pièces 36 m² 1 chambre Paris 18ème (…
